deviceName,DLP_Agent_Status,Data_Classification,Channel,Action_Taken
CORP-WKSTN-001,Running,Confidential,Cloud_Upload_OneDrive,Allow
CORP-WKSTN-002,Running,Confidential,Print_Job,Allow
CORP-WKSTN-003,Running,Confidential,USB_Removable_Media,Allow
CORP-WKSTN-004,Running,Confidential,Print_Job,Allow
CORP-WKSTN-005,Running,Internal,Email_Attachment,Block
CORP-WKSTN-006,Running,Confidential,Email_Attachment,Block
CORP-WKSTN-007,Running,Restricted,Email_Attachment,Block
CORP-WKSTN-008,Missing,Confidential,Cloud_Upload_Personal,Audit_Only
CORP-WKSTN-009,Running,PII_Sensitive,USB_Removable_Media,Block
CORP-WKSTN-010,Running,Internal,USB_Removable_Media,Block
CORP-WKSTN-011,Running,PII_Sensitive,Print_Job,Allow
CORP-WKSTN-012,Running,Confidential,Email_Attachment,Block
CORP-WKSTN-013,Running,Restricted,USB_Removable_Media,Block
CORP-WKSTN-014,Running,PII_Sensitive,Email_Attachment,Block
CORP-WKSTN-015,Running,PII_Sensitive,USB_Removable_Media,Allow
CORP-WKSTN-016,Running,Restricted,Email_Attachment,Block
CORP-WKSTN-017,Running,Restricted,Cloud_Upload_OneDrive,Allow
CORP-WKSTN-018,Running,Confidential,Cloud_Upload_OneDrive,Block
CORP-WKSTN-019,Running,Restricted,Print_Job,Block
CORP-WKSTN-020,Running,Internal,Clipboard_Copy,Block
CORP-WKSTN-021,Stopped,Confidential,Cloud_Upload_Personal,Audit_Only
CORP-WKSTN-022,Running,Internal,Print_Job,Block
CORP-WKSTN-023,Running,Restricted,Print_Job,Block
CORP-WKSTN-024,Stopped,Confidential,USB_Removable_Media,Audit_Only
CORP-WKSTN-025,Running,Internal,Print_Job,Allow
CORP-WKSTN-026,Running,Internal,Print_Job,Block
CORP-WKSTN-027,Running,Confidential,USB_Removable_Media,Block
CORP-WKSTN-028,Running,PII_Sensitive,USB_Removable_Media,Block
CORP-WKSTN-029,Running,Internal,USB_Removable_Media,Block
CORP-WKSTN-030,Running,Restricted,Print_Job,Allow
CORP-WKSTN-031,Running,PII_Sensitive,Print_Job,Allow
CORP-WKSTN-032,Running,Restricted,Print_Job,Allow
CORP-WKSTN-033,Running,Internal,USB_Removable_Media,Allow
CORP-WKSTN-034,Running,PII_Sensitive,Email_Attachment,Allow
CORP-WKSTN-035,Running,Confidential,USB_Removable_Media,Block
CORP-WKSTN-036,Running,Restricted,Email_Attachment,Block
CORP-WKSTN-037,Running,Restricted,Cloud_Upload_OneDrive,Block
CORP-WKSTN-038,Running,Restricted,Cloud_Upload_OneDrive,Block
CORP-WKSTN-039,Running,PII_Sensitive,Clipboard_Copy,Block
CORP-WKSTN-040,Stopped,Confidential,Cloud_Upload_Personal,Audit_Only
CORP-WKSTN-041,Degraded,Confidential,USB_Removable_Media,Audit_Only
CORP-WKSTN-042,Degraded,PII_Sensitive,USB_Removable_Media,Audit_Only
CORP-WKSTN-043,Running,Confidential,Cloud_Upload_OneDrive,Allow
CORP-WKSTN-044,Running,PII_Sensitive,Clipboard_Copy,Allow
CORP-WKSTN-045,Running,Internal,Email_Attachment,Block
CORP-WKSTN-046,Running,Restricted,USB_Removable_Media,Allow
CORP-WKSTN-047,Running,PII_Sensitive,Clipboard_Copy,Block
CORP-WKSTN-048,Running,Confidential,USB_Removable_Media,Allow
CORP-WKSTN-049,Running,PII_Sensitive,USB_Removable_Media,Allow
CORP-WKSTN-050,Running,Internal,Email_Attachment,Block
CORP-WKSTN-051,Running,Internal,Email_Attachment,Allow
CORP-WKSTN-052,Running,Confidential,USB_Removable_Media,Allow
CORP-WKSTN-053,Running,Restricted,Email_Attachment,Block
CORP-WKSTN-054,Running,Restricted,Clipboard_Copy,Allow
CORP-WKSTN-055,Running,Confidential,Clipboard_Copy,Block
CORP-WKSTN-056,Running,Internal,Cloud_Upload_OneDrive,Block
CORP-WKSTN-057,Running,Internal,Email_Attachment,Allow
CORP-WKSTN-058,Running,Confidential,Print_Job,Allow
CORP-WKSTN-059,Running,Confidential,USB_Removable_Media,Block
CORP-WKSTN-060,Running,Restricted,USB_Removable_Media,Allow
CORP-WKSTN-061,Running,Confidential,Print_Job,Allow
CORP-WKSTN-062,Running,Restricted,Clipboard_Copy,Allow
CORP-WKSTN-063,Running,Restricted,Print_Job,Allow
CORP-WKSTN-064,Running,Internal,Print_Job,Block
CORP-WKSTN-065,Running,Restricted,Cloud_Upload_OneDrive,Allow
CORP-WKSTN-066,Running,Restricted,Cloud_Upload_OneDrive,Block
CORP-WKSTN-067,Running,Confidential,USB_Removable_Media,Block
CORP-WKSTN-068,Running,Confidential,USB_Removable_Media,Allow
CORP-WKSTN-069,Running,Restricted,Cloud_Upload_OneDrive,Allow
CORP-WKSTN-070,Running,PII_Sensitive,Cloud_Upload_OneDrive,Allow
CORP-WKSTN-071,Running,PII_Sensitive,Print_Job,Allow
CORP-WKSTN-072,Running,PII_Sensitive,USB_Removable_Media,Allow
CORP-WKSTN-073,Running,Confidential,Print_Job,Allow
CORP-WKSTN-074,Running,Restricted,Cloud_Upload_OneDrive,Allow
CORP-WKSTN-075,Running,PII_Sensitive,Print_Job,Block
CORP-WKSTN-076,Running,Confidential,USB_Removable_Media,Block
CORP-WKSTN-077,Running,Confidential,USB_Removable_Media,Block
CORP-WKSTN-078,Running,PII_Sensitive,Email_Attachment,Block
CORP-WKSTN-079,Running,Internal,Print_Job,Allow
CORP-WKSTN-080,Degraded,Confidential,USB_Removable_Media,Audit_Only
CORP-WKSTN-081,Running,Restricted,Clipboard_Copy,Allow
CORP-WKSTN-082,Missing,Confidential,Cloud_Upload_Personal,Audit_Only
CORP-WKSTN-083,Running,Restricted,USB_Removable_Media,Block
CORP-WKSTN-084,Running,Internal,Print_Job,Allow
CORP-WKSTN-085,Running,Restricted,Email_Attachment,Allow
CORP-WKSTN-086,Running,Confidential,Email_Attachment,Block
CORP-WKSTN-087,Running,Internal,Email_Attachment,Block
CORP-WKSTN-088,Running,Confidential,Clipboard_Copy,Allow
CORP-WKSTN-089,Running,Restricted,Email_Attachment,Block
CORP-SRV-001,Running,Restricted,Email_Attachment,Allow
CORP-SRV-002,Running,Internal,Cloud_Upload_OneDrive,Block
CORP-SRV-003,Running,PII_Sensitive,Cloud_Upload_OneDrive,Block
CORP-SRV-004,Running,PII_Sensitive,USB_Removable_Media,Allow
CORP-SRV-005,Running,PII_Sensitive,Email_Attachment,Block
CORP-SRV-006,Degraded,Restricted,Cloud_Upload_Personal,Audit_Only
CORP-SRV-007,Running,PII_Sensitive,Clipboard_Copy,Allow
CORP-SRV-008,Running,Restricted,Cloud_Upload_OneDrive,Allow
CORP-SRV-009,Running,Confidential,Print_Job,Allow
CORP-SRV-010,Running,Confidential,Cloud_Upload_OneDrive,Block
