deviceName,Encryption_Method,Protection_Status,Percentage_Encrypted,Volume_Status,isEncrypted,complianceState
WORKSTATION-001,XtsAes256,On,100,FullyEncrypted,True,compliant
WORKSTATION-002,XtsAes256,On,100,FullyEncrypted,True,compliant
WORKSTATION-003,XtsAes256,On,100,FullyEncrypted,True,compliant
WORKSTATION-004,XtsAes256,On,100,FullyEncrypted,True,compliant
WORKSTATION-005,XtsAes256,On,100,FullyEncrypted,True,compliant
WORKSTATION-006,XtsAes256,On,100,FullyEncrypted,True,compliant
WORKSTATION-007,XtsAes256,On,100,FullyEncrypted,True,compliant
WORKSTATION-008,XtsAes256,On,100,FullyEncrypted,True,compliant
WORKSTATION-009,None,Off,25,Unencrypted,False,noncompliant
WORKSTATION-010,XtsAes256,Off,0,Unencrypted,False,noncompliant
WORKSTATION-011,None,Off,50,Unencrypted,False,noncompliant
WORKSTATION-012,XtsAes256,On,100,FullyEncrypted,True,compliant
WORKSTATION-013,XtsAes256,On,100,FullyEncrypted,True,compliant
WORKSTATION-014,XtsAes256,On,100,FullyEncrypted,True,compliant
WORKSTATION-015,XtsAes256,On,100,FullyEncrypted,True,compliant
WORKSTATION-016,XtsAes256,On,100,FullyEncrypted,True,compliant
WORKSTATION-017,XtsAes256,On,100,FullyEncrypted,True,compliant
WORKSTATION-018,XtsAes256,On,100,FullyEncrypted,True,compliant
WORKSTATION-019,XtsAes256,On,100,FullyEncrypted,True,compliant
WORKSTATION-020,XtsAes256,On,100,FullyEncrypted,True,compliant
WORKSTATION-021,XtsAes256,On,100,FullyEncrypted,True,compliant
WORKSTATION-022,XtsAes256,Off,75,EncryptionInProgress,False,noncompliant
WORKSTATION-023,XtsAes256,On,100,FullyEncrypted,True,compliant
WORKSTATION-024,XtsAes256,On,100,FullyEncrypted,True,compliant
WORKSTATION-025,XtsAes256,On,100,FullyEncrypted,True,compliant
WORKSTATION-026,XtsAes256,On,100,FullyEncrypted,True,compliant
WORKSTATION-027,XtsAes256,On,100,FullyEncrypted,True,compliant
WORKSTATION-028,XtsAes128,Off,50,Unencrypted,False,noncompliant
WORKSTATION-029,XtsAes256,On,100,FullyEncrypted,True,compliant
WORKSTATION-030,XtsAes256,On,100,FullyEncrypted,True,compliant
WORKSTATION-031,XtsAes256,On,100,FullyEncrypted,True,compliant
WORKSTATION-032,XtsAes256,On,100,FullyEncrypted,True,compliant
WORKSTATION-033,XtsAes256,On,100,FullyEncrypted,True,compliant
WORKSTATION-034,XtsAes256,On,100,FullyEncrypted,True,compliant
WORKSTATION-035,XtsAes256,On,100,FullyEncrypted,True,compliant
WORKSTATION-036,XtsAes256,On,100,FullyEncrypted,True,compliant
WORKSTATION-037,XtsAes256,On,100,FullyEncrypted,True,compliant
WORKSTATION-038,XtsAes256,On,100,FullyEncrypted,True,compliant
WORKSTATION-039,XtsAes256,Off,0,Unencrypted,False,noncompliant
WORKSTATION-040,XtsAes256,On,100,FullyEncrypted,True,compliant
WORKSTATION-041,XtsAes256,On,100,FullyEncrypted,True,compliant
WORKSTATION-042,XtsAes256,On,100,FullyEncrypted,True,compliant
WORKSTATION-043,XtsAes256,On,100,FullyEncrypted,True,compliant
WORKSTATION-044,XtsAes256,On,100,FullyEncrypted,True,compliant
WORKSTATION-045,XtsAes256,On,100,FullyEncrypted,True,compliant
WORKSTATION-046,XtsAes128,Off,0,EncryptionInProgress,False,noncompliant
WORKSTATION-047,XtsAes256,On,100,FullyEncrypted,True,compliant
WORKSTATION-048,XtsAes256,On,100,FullyEncrypted,True,compliant
WORKSTATION-049,XtsAes256,On,100,FullyEncrypted,True,compliant
WORKSTATION-050,XtsAes256,On,100,FullyEncrypted,True,compliant
WORKSTATION-051,XtsAes256,On,100,FullyEncrypted,True,compliant
WORKSTATION-052,XtsAes256,On,100,FullyEncrypted,True,compliant
WORKSTATION-053,XtsAes256,On,100,FullyEncrypted,True,compliant
WORKSTATION-054,XtsAes256,On,100,FullyEncrypted,True,compliant
WORKSTATION-055,XtsAes256,On,100,FullyEncrypted,True,compliant
WORKSTATION-056,XtsAes256,On,100,FullyEncrypted,True,compliant
WORKSTATION-057,XtsAes256,On,100,FullyEncrypted,True,compliant
WORKSTATION-058,XtsAes256,On,100,FullyEncrypted,True,compliant
WORKSTATION-059,XtsAes256,On,100,FullyEncrypted,True,compliant
WORKSTATION-060,XtsAes256,On,100,FullyEncrypted,True,compliant
WORKSTATION-061,XtsAes256,Off,75,Unencrypted,False,noncompliant
WORKSTATION-062,XtsAes256,Off,0,Unencrypted,False,noncompliant
WORKSTATION-063,None,Off,25,EncryptionInProgress,False,noncompliant
WORKSTATION-064,XtsAes256,Off,25,Unencrypted,False,noncompliant
WORKSTATION-065,XtsAes256,On,100,FullyEncrypted,True,compliant
WORKSTATION-066,XtsAes256,On,100,FullyEncrypted,True,compliant
WORKSTATION-067,XtsAes256,On,100,FullyEncrypted,True,compliant
WORKSTATION-068,XtsAes256,On,100,FullyEncrypted,True,compliant
WORKSTATION-069,XtsAes256,On,100,FullyEncrypted,True,compliant
WORKSTATION-070,XtsAes256,On,100,FullyEncrypted,True,compliant
WORKSTATION-071,XtsAes256,On,100,FullyEncrypted,True,compliant
WORKSTATION-072,XtsAes256,On,100,FullyEncrypted,True,compliant
WORKSTATION-073,XtsAes256,On,100,FullyEncrypted,True,compliant
WORKSTATION-074,XtsAes256,On,100,FullyEncrypted,True,compliant
WORKSTATION-075,XtsAes256,On,100,FullyEncrypted,True,compliant
WORKSTATION-076,XtsAes256,On,100,FullyEncrypted,True,compliant
WORKSTATION-077,XtsAes256,On,100,FullyEncrypted,True,compliant
WORKSTATION-078,XtsAes128,Off,0,Unencrypted,False,noncompliant
WORKSTATION-079,XtsAes256,On,100,FullyEncrypted,True,compliant
WORKSTATION-080,XtsAes256,On,100,FullyEncrypted,True,compliant
WORKSTATION-081,XtsAes128,Off,0,Unencrypted,False,noncompliant
WORKSTATION-082,XtsAes256,On,100,FullyEncrypted,True,compliant
WORKSTATION-083,XtsAes256,On,100,FullyEncrypted,True,compliant
WORKSTATION-084,XtsAes256,On,100,FullyEncrypted,True,compliant
WORKSTATION-085,XtsAes256,On,100,FullyEncrypted,True,compliant
WORKSTATION-086,XtsAes256,On,100,FullyEncrypted,True,compliant
WORKSTATION-087,XtsAes256,On,100,FullyEncrypted,True,compliant
WORKSTATION-088,XtsAes256,On,100,FullyEncrypted,True,compliant
WORKSTATION-089,XtsAes256,Off,50,Unencrypted,False,noncompliant
WORKSTATION-090,XtsAes256,On,100,FullyEncrypted,True,compliant
WORKSTATION-091,None,Off,0,Unencrypted,False,noncompliant
WORKSTATION-092,XtsAes256,On,100,FullyEncrypted,True,compliant
WORKSTATION-093,XtsAes256,On,100,FullyEncrypted,True,compliant
WORKSTATION-094,XtsAes256,On,100,FullyEncrypted,True,compliant
WORKSTATION-095,XtsAes256,On,100,FullyEncrypted,True,compliant
WORKSTATION-096,XtsAes256,On,100,FullyEncrypted,True,compliant
WORKSTATION-097,XtsAes256,On,100,FullyEncrypted,True,compliant
WORKSTATION-098,XtsAes256,On,100,FullyEncrypted,True,compliant
WORKSTATION-099,XtsAes256,On,100,FullyEncrypted,True,compliant
WORKSTATION-100,XtsAes256,On,100,FullyEncrypted,True,compliant
