Device_Name,Domain,Private,Public,DefaultInboundAction
WORKSTATION-001,Enabled,Enabled,Enabled,Block
WORKSTATION-002,Disabled,Enabled,Enabled,Block
WORKSTATION-003,Enabled,Enabled,Enabled,Block
WORKSTATION-004,Enabled,Enabled,Enabled,Block
WORKSTATION-005,Enabled,Enabled,Enabled,Block
WORKSTATION-006,Disabled,Enabled,Enabled,Block
WORKSTATION-007,Enabled,Enabled,Enabled,Block
WORKSTATION-008,Enabled,Enabled,Enabled,Block
WORKSTATION-009,Enabled,Disabled,Enabled,Allow
WORKSTATION-010,Enabled,Enabled,Enabled,Block
WORKSTATION-011,Enabled,Enabled,Enabled,Block
WORKSTATION-012,Enabled,Disabled,Disabled,Allow
WORKSTATION-013,Enabled,Enabled,Enabled,Block
WORKSTATION-014,Enabled,Enabled,Enabled,Block
WORKSTATION-015,Enabled,Enabled,Enabled,Block
WORKSTATION-016,Enabled,Disabled,Disabled,Allow
WORKSTATION-017,Enabled,Enabled,Enabled,Block
WORKSTATION-018,Enabled,Enabled,Enabled,Block
WORKSTATION-019,Enabled,Enabled,Enabled,Block
WORKSTATION-020,Enabled,Enabled,Enabled,Block
WORKSTATION-021,Enabled,Enabled,Enabled,Block
WORKSTATION-022,Enabled,Enabled,Enabled,Block
WORKSTATION-023,Enabled,Enabled,Enabled,Block
WORKSTATION-024,Enabled,Enabled,Enabled,Block
WORKSTATION-025,Enabled,Enabled,Enabled,Block
WORKSTATION-026,Enabled,Enabled,Enabled,Block
WORKSTATION-027,Enabled,Enabled,Enabled,Block
WORKSTATION-028,Enabled,Disabled,Enabled,Block
WORKSTATION-029,Enabled,Enabled,Enabled,Block
WORKSTATION-030,Enabled,Enabled,Enabled,Block
WORKSTATION-031,Enabled,Enabled,Enabled,Block
WORKSTATION-032,Enabled,Enabled,Enabled,Block
WORKSTATION-033,Enabled,Enabled,Enabled,Block
WORKSTATION-034,Enabled,Enabled,Enabled,Block
WORKSTATION-035,Enabled,Enabled,Enabled,Block
WORKSTATION-036,Enabled,Enabled,Enabled,Block
WORKSTATION-037,Enabled,Enabled,Enabled,Block
WORKSTATION-038,Enabled,Enabled,Enabled,Allow
WORKSTATION-039,Enabled,Enabled,Enabled,Block
WORKSTATION-040,Enabled,Enabled,Enabled,Block
WORKSTATION-041,Enabled,Enabled,Enabled,Block
WORKSTATION-042,Enabled,Enabled,Enabled,Block
WORKSTATION-043,Enabled,Enabled,Enabled,Block
WORKSTATION-044,Enabled,Enabled,Enabled,Block
WORKSTATION-045,Enabled,Enabled,Enabled,Block
WORKSTATION-046,Enabled,Enabled,Enabled,Block
WORKSTATION-047,Disabled,Disabled,Disabled,Block
WORKSTATION-048,Enabled,Enabled,Enabled,Block
WORKSTATION-049,Enabled,Enabled,Enabled,Block
WORKSTATION-050,Enabled,Enabled,Enabled,Block
WORKSTATION-051,Enabled,Enabled,Enabled,Block
WORKSTATION-052,Enabled,Enabled,Enabled,Block
WORKSTATION-053,Enabled,Enabled,Enabled,Block
WORKSTATION-054,Enabled,Enabled,Enabled,Block
WORKSTATION-055,Enabled,Enabled,Enabled,Block
WORKSTATION-056,Enabled,Enabled,Enabled,Block
WORKSTATION-057,Enabled,Enabled,Enabled,Block
WORKSTATION-058,Enabled,Enabled,Enabled,Block
WORKSTATION-059,Enabled,Enabled,Enabled,Block
WORKSTATION-060,Enabled,Enabled,Enabled,Block
WORKSTATION-061,Enabled,Enabled,Enabled,Block
WORKSTATION-062,Enabled,Enabled,Enabled,Block
WORKSTATION-063,Enabled,Enabled,Enabled,Block
WORKSTATION-064,Enabled,Enabled,Enabled,Block
WORKSTATION-065,Enabled,Enabled,Enabled,Block
WORKSTATION-066,Enabled,Enabled,Enabled,Block
WORKSTATION-067,Enabled,Enabled,Enabled,Block
WORKSTATION-068,Enabled,Enabled,Enabled,Block
WORKSTATION-069,Disabled,Disabled,Disabled,Block
WORKSTATION-070,Enabled,Enabled,Enabled,Block
WORKSTATION-071,Disabled,Disabled,Enabled,Allow
WORKSTATION-072,Enabled,Enabled,Enabled,Block
WORKSTATION-073,Enabled,Enabled,Enabled,Block
WORKSTATION-074,Enabled,Enabled,Enabled,Block
WORKSTATION-075,Enabled,Enabled,Enabled,Block
WORKSTATION-076,Enabled,Enabled,Enabled,Block
WORKSTATION-077,Enabled,Enabled,Enabled,Block
WORKSTATION-078,Enabled,Enabled,Enabled,Block
WORKSTATION-079,Enabled,Enabled,Enabled,Block
WORKSTATION-080,Enabled,Enabled,Enabled,Block
WORKSTATION-081,Enabled,Enabled,Enabled,Block
WORKSTATION-082,Enabled,Enabled,Enabled,Block
WORKSTATION-083,Enabled,Enabled,Enabled,Block
WORKSTATION-084,Enabled,Enabled,Enabled,Block
WORKSTATION-085,Enabled,Enabled,Enabled,Block
WORKSTATION-086,Enabled,Enabled,Enabled,Block
WORKSTATION-087,Enabled,Enabled,Enabled,Block
WORKSTATION-088,Enabled,Enabled,Enabled,Block
WORKSTATION-089,Disabled,Disabled,Enabled,Block
WORKSTATION-090,Enabled,Enabled,Enabled,Block
WORKSTATION-091,Enabled,Enabled,Enabled,Block
WORKSTATION-092,Enabled,Enabled,Enabled,Block
WORKSTATION-093,Enabled,Enabled,Enabled,Block
WORKSTATION-094,Enabled,Enabled,Disabled,Block
WORKSTATION-095,Enabled,Enabled,Enabled,Block
WORKSTATION-096,Enabled,Enabled,Enabled,Block
WORKSTATION-097,Disabled,Enabled,Disabled,Allow
WORKSTATION-098,Enabled,Enabled,Enabled,Block
WORKSTATION-099,Enabled,Enabled,Enabled,Block
WORKSTATION-100,Enabled,Enabled,Enabled,Block
